AWRdqUTs6tfgDyRtXxKwmnDk3kVh4NC8eQcZvoM1uEY,@syqwsy
BR2hQkNBHUvdP73mMYVzmXY9a4zoZoVDNnEZC2pn11KJ,@gelixcoclown
846ZQuVUWuL1rJF884PLmbVshre5LzZA99ZQAEDAoGd,@GirlLoli6
BTqqu52BZ7yrC2ySm4tqft5pPX3gVRGCosNoJ2HntexP,@leductam2003
6VH5F2mTHdhCjTr3hEH3DpPULudzwPGYwJnPfpndBw2C,@wushuang_li
6N7PixSwVDV5oGDwvqPdtGp2oGvSPc3ntqjPvMZurMyi,@God88ovo
9Xw78xLsXBpqRrcjmWStUX6ry7bTJpqS7GPfLLVT6utq,@Ameliayao
6JWUXzUu1dkThtLmKTibcKkRdaTaV8aS2xuDLrWsgCBo,@Jwei1003
dr758XoTdccHDmim2YnUG4PFFHyZsU62BFzmt75ZFDs,@Marlbro0805
ChSqtECeyD9ervTSAgAszx6spm5dKDkZQQRHdcNBiZrA,@BITCOINLFGPRIVATEGEMS
HSPunWiKozQ3V1LRkEGi21gtyzWYSJC6ynXgSs6Uep9D,@lkbvn
FGfR8GaKHr3PdTBxJ3GR9wWtET86XEbRTo2FJUZLZBYX,@Idukxxxxx
AmWVAANHNq9JNsX5zv2bThZVmfn4QwNwrAsyiGj74nBC,@cryptofugui
4HhDx5z4su6Hs9QKsaYU2AibkRmzDKN7WnwfuF2q7Ahs,@piupiuOvO
2LYfT7YXLKv7ozBgc1ayTRD99ePwh1ok7NC6G9Ni7GUR,@JerryPawn
AsekbwopV3QTwND3p3kRQMcA87vZn5KndKc25AAJW6xD,@xxsnn0901
AuGRqR8DVWR4yyduo13v4q5hKXvRUDBxorL3SbePXhJm,@Ga1000xGamble
FT59pg1sUav3yBgVgHTbv4nCFUBGAauwSbTCMRcNwV7T,@GGaert
HW55tu1Qtjhe7KPijg5xMbbRNq73Vh1AnWutCxFU8Lij,@jiuxiakk
2naz1rUpHoxzjAY9fB3byJmpfGzviu8gAr8cpg1DSRPo,@Ethan_SOL6
Br8D2b7SxfKnrMNut1BwfoYUU9wmpMWGPHYmbz3LGjJq,@Gameshi_X
EGQ58bDMDs5q6BWyem5BusqHJZYVGYaTu3BBfRxtwKLa,@taintaijian
CJji3nseCuXbVDRpsQykVDD7JJWoV9YYYPYnXGckaN6u,@EarnMoney10000X
J2uZVyJYNyQ1qXRYYRj7aBMe5ZRwzRTnLvp1ApE3DXCb,@XYZ24860
4TgXm87tvLZSAeV9HDPKxTryWvSVKcnYtu1dyG7iXqRM,@yangjianguotui
6Qj1zu9yy95dpKzKXTrgZ5WsCq1YHfKZ9TqiahohN8Mo,@wen_moon8
5AHtJ5Ck4u49EAWTDumPGuwjM9Zy1WkSWkgGu49EvsZU,@xx1xx27
ATiEHSVTeWuvAfPZD9dcAFhHfWNEeAQCubYkF17XzttQ,@undhjk
EYGghpxKeTNhf7mETiHay8yg5aGC7BmvuZWctquTzeTv,@chujianyy
2cHqs6oKxjtne6AyjzdLfbqw34QPbvhBPk1wVpSPraMg,@GHGHGH222
85ADPsTDhpbjpSmfAAFfgF8z5ZHx3A7hJoK24zQyFJZb,@CryptoSAM0
7XFevQN4pYgxaqgPpWacSUHi5vVAA1PeSAMsvnkUuXUo,@liktyuxu
PG1cJERQYgn4ebK2tMiPZAYjqg5E8bur4jLd3fvgahP,@E3NO570PGONE
7g9CSBeE4Q9GFAyfp35KCWA244SKeC4PFWp2CBgjHbQV,@mafeifei222
9Q22W6BivYAYicxs8cwFSfE4tuwWfc8bzeTuFbveCQZ1,@yoshkata
EwkgGA7R1R7MFgiWV3ds5gwWi4Tq4eU3Ed7giTjv1jAk,@Oldsesame
DFU4FbCtvX7ori92Crnu12jRdw4JmBfFSDzUvKEix5cx,@kasbo1024
8WFHRB5bGeVroCFzVLdbq11NcrbE638r2z88oqhySEKz,@JMzZ0909
5mGTr69zZV3ArGaS6TFFBoYqat2bmEpJwpjdnxU7V78u,@jackeyssss
GFNzRFHSj2nsnCfPuh8JJnFiaq9Gb4XdKdcYFmLa8qtm,@EChoONsol
FAA94MF258DbzWn7TnpiwfAPJTeJGqzEs7iqgzKvuYNK,@xmewoooo
8MwZ3jpuACaqC1p8Gjabs4Kka6e7pSXoSbPWfYdckwXE,@jinhao_168
BugAPC5bLsdofgP9w3m3TcE1DCtTq825jWxEwo4K93zm,@Luckydayyyyyy
96YScP6t6FaA7DsLGyu9zTFXQ89Libu5Ubo8Hs9afvfZ,@dilikeu
5FnxxnUXjApAvq8HKYQp2UJ6Kk3nUsy6vTpGX3XrsdxZ,@sharruarua
3ZggENxEAT58QNsaCKV9rt6jai21VfGPFr3axJL7q5Ur,@q15432123
9xurQSRtyGMRioW1qqH74hL5ShYrHTdfAnVo5M4bB9fm,@manyue2345
3cnTvCYBp92ifUC7tuvvoX3pLaZorjbmzTv34aDFj2D9,@cunshang1218
ArmeWVcSLEJx8qpCrmRcrgdyrrJyuyqE9cjBnFGTrQF3,@bluu_yu
BFGxmRz2GSpc5kjFHKDq7MhubS2YPQdq3DpqSmdac5wJ,@diudiupo
4w7Mh6jnYkFACtzaBnvRJXFfLRPoAQaD3UsUAk1wTcK9,@angelheyue
5sQn3Rnb6ffUZeKfuiegZUE5CNq2WtAwCFGhT5BqnYmu,@youer200x